{
  "project_info": {
    "project_number": "646228693275",
    "project_id": "megastoretest-d2b33",
    "storage_bucket": "megastoretest-d2b33.appspot.com"
  },
  "client": [
    {
      "client_info": {
        "mobilesdk_app_id": "1:646228693275:android:0f605cd81423e48c8183be",
        "android_client_info": {
          "package_name": "com.megastroe.mrbit"
        }
      },
      "oauth_client": [],
      "api_key": [
        {
          "current_key": "AIzaSyDUDPcAXe3sYaqRwZ733FpJ1Clyq8pkgfA"
        }
      ],
      "services": {
        "appinvite_service": {
          "other_platform_oauth_client": []
        }
      }
    }
  ],
  "configuration_version": "1"
}